Categoria,Tecnica
Marinatura,Marinatura a Infusione Gravitazionale
Marinatura,Marinatura Temporale Sincronizzata
Marinatura,Marinatura Psionica
Marinatura,Marinatura tramite Reazioni d'Antimateria Diluite
Marinatura,Marinatura Sotto Zero a Polarità Inversa
Affumicatura,Affumicatura a Stratificazione Quantica
Affumicatura,Affumicatura Temporale Risonante
Affumicatura,Affumicatura Psionica Sensoriale
Affumicatura,Affumicatura tramite Big Bang Microcosmico
Affumicatura,Affumicatura Polarizzata a Freddo Iperbarico
Fermentazione,Fermentazione Quantica a Strati Multiversali
Fermentazione,Fermentazione Temporale Sincronizzata
Fermentazione,Fermentazione Psionica Energetica
Fermentazione,Fermentazione tramite Singolarità
Fermentazione,Fermentazione Quantico Biometrica
Impasto,Impasto Gravitazionale Vorticoso
Impasto,Amalgamazione Sintetica Molecolare
Impasto,Impasto a Campi Magnetici Dualistici
Impasto,Sinergia Elettro-Osmotica Programmabile
Impasto,Modellatura Onirica Tetrazionale
Surgelamento,Cryo-Tessitura Energetica Polarizzata
Surgelamento,Congelamento Bio-Luminiscente Sincronico
Surgelamento,Cristallizzazione Temporale Reversiva
Surgelamento,Congelazione Iperdimensionalmente Stratificata
Surgelamento,Surgelamento Antimaterico a Risonanza Inversa
Bollitura,Ebollizione Magneto-Cinetica Pulsante
Bollitura,Bollitura Infrasonica Armonizzata
Bollitura,Bollitura Termografica a Rotazione Veloce
Bollitura,Bollitura Entropica Sincronizzata
Bollitura,Idro-Cristallizzazione Sonora Quantistica
Grigliatura,Grigliatura a Energia Stellare DiV
Grigliatura,Grigliatura Plasma Sintetico Risonante
Grigliatura,Grigliatura Eletro-Molecolare a Spaziatura Variabile
Grigliatura,Grigliatura Tachionica Refrattaria
Grigliatura,Grigliatura Psionica Dinamica Ritmica
Cottura al Forno,Cottura al Forno con Paradosso Temporale Cronospeculare
Cottura al Forno,Cottura con Microonde Entropiche Sincronizzate
Cottura al Forno,Cottura a Forno Dinamico Inversionale
Cottura al Forno,Cottura Olografica Quantum Fluttuante
Cottura al Forno,Cottura Geomagnetica Psicosincronizzata
Cottura a Vapore,Cottura a Vapore con Flusso di Particelle Isoarmoniche
Cottura a Vapore,Cottura a Vapore Ecodinamico Bilanciato
Cottura a Vapore,Cottura a Vapore Risonante Simbiotico
Cottura a Vapore,Cottura a Vapore Termocinetica Multipla
Cottura a Vapore,Cottura Idrodinamica Autoregolante
Cottura Sottovuoto,Cottura Sottovuoto Antimateria
Cottura Sottovuoto,Cottura Sottovuoto Multirealità Collassante
Cottura Sottovuoto,Cottura Sottovuoto Frugale Energeticamente Negativa
Cottura Sottovuoto,Cottura Sottovuoto Pulsar Magnetica
Cottura Sottovuoto,Cottura Sottovuoto Bioma Sintetico
Saltare in Padella,Saltare in Padella Big Bang Termico
Saltare in Padella,Saltare in Padella Realtà Energetiche Parallele
Saltare in Padella,Saltare in Padella Singolarità Inversa
Saltare in Padella,Saltare in Padella Sinergia Psionica
Saltare in Padella,Saltare in Padella Classica
Decostruzione,Decostruzione Atomica a Strati Energetici
Decostruzione,Decostruzione Magnetica Risonante
Decostruzione,Decostruzione Bio-Fotonica Emotiva
Decostruzione,Decostruzione Ancestrale
Decostruzione,Decostruzione Interdimensionale Lovecraftiana
Sferificazione,Sferificazione a Gravità Psionica Variabile
Sferificazione,Sferificazione Filamentare a Molecole Vibrazionali
Sferificazione,Sferificazione Cromatica Interdimensionale
Sferificazione,Sferificazione con Campi Magnetici Entropici
Sferificazione,Sferificazione tramite Matrici Biofotiche
Tecnica di taglio,Taglio Dimensionale a Lame Fotofiliche
Tecnica di taglio,Taglio a Risonanza Sonica Rigenerativa
Tecnica di taglio,Affettamento a Pulsazioni Quantistiche
Tecnica di taglio,Taglio Sinaptico Biomimetico
Tecnica di taglio,Incisione Elettromagnetica Plasmica